Growth in Gross Disposable Household Income per head by Local Authority1 ,,,,,,,,,,,,,,,,,,,,,,
,,,,,,,,,,,,,,,,,,,,,,%
Region,LAU1 code,LA name,1997,1998,1999,2000,2001,2002,2003,2004,2005,2006,2007,2008,2009,2010,2011,2012,2013,2014,2015,2016
North East,E06000047,County Durham,-,3.6,3.3,5.9,3.8,1.6,1.5,4.8,1.7,2.9,1.9,2.0,3.6,2.2,1.0,3.7,1.9,2.0,4.1,-0.7
North East,E06000005,Darlington,-,0.2,1.0,9.5,8.0,0.9,2.5,2.2,1.7,1.9,4.7,-0.0,5.0,-0.5,-0.8,4.7,2.7,0.9,4.6,-0.3
North East,E06000001,Hartlepool,-,1.5,4.1,4.8,3.9,3.0,0.8,2.2,4.6,5.4,3.1,3.3,3.8,1.6,2.6,3.6,0.3,2.6,3.7,-2.2
North East,E06000002,Middlesbrough,-,-2.6,5.4,6.1,4.9,0.6,1.0,4.4,4.0,4.4,1.5,2.2,6.5,-0.1,2.2,6.7,1.0,3.7,2.6,-1.3
North East,E06000057,Northumberland,-,2.5,4.3,7.2,3.9,1.9,4.2,3.1,1.8,6.1,2.1,5.9,6.0,-1.0,0.9,4.0,2.3,0.9,3.8,-2.7
North East,E06000003,Redcar and Cleveland,-,-1.6,3.7,7.4,4.6,0.9,2.2,2.9,2.9,3.8,1.0,2.2,5.6,-0.1,1.7,6.2,0.9,3.0,2.5,-1.7
North East,E06000004,Stockton-on-Tees,-,0.8,4.4,5.5,4.4,3.3,2.7,4.7,3.3,3.0,1.9,2.1,3.8,0.8,2.5,3.4,0.0,2.4,3.1,-2.1
North East,E08000037,Gateshead,-,4.1,0.0,6.5,4.8,2.5,2.1,3.9,0.9,2.9,2.9,1.3,5.0,1.3,1.1,5.2,1.8,1.1,4.9,-0.1
North East,E08000021,Newcastle upon Tyne,-,4.4,1.6,6.2,5.2,3.0,3.1,3.9,-0.3,3.7,2.5,1.5,4.0,1.8,1.0,5.4,1.2,1.6,5.0,0.6
North East,E08000022,North Tyneside,-,4.5,0.5,5.8,3.6,2.6,2.6,5.2,-0.5,2.9,2.4,0.7,4.9,1.8,0.8,5.2,0.9,1.6,4.8,-0.3
North East,E08000023,South Tyneside,-,3.3,0.7,5.8,4.5,1.3,2.8,4.9,0.8,3.5,3.1,1.4,5.3,1.5,0.8,5.6,1.4,1.6,5.0,-0.3
North East,E08000024,Sunderland,-,0.9,4.7,7.5,3.8,3.1,2.2,2.8,3.6,3.0,3.6,1.5,3.6,1.9,2.1,4.9,2.4,0.0,3.2,3.0
North West,E06000008,Blackburn with Darwen,-,1.8,4.9,1.3,2.9,-0.4,3.6,2.4,5.0,2.9,1.6,-0.3,2.0,2.9,-0.3,1.8,0.8,3.0,3.5,-0.4
North West,E06000009,Blackpool,-,2.5,0.7,8.7,1.4,1.2,-2.0,1.3,1.5,2.1,4.5,2.5,4.1,1.3,3.4,1.2,1.7,2.2,3.0,2.7
North West,E06000049,Cheshire East,-,3.0,4.4,4.4,1.8,6.6,4.9,2.9,3.2,3.2,2.9,1.9,3.2,-0.7,1.1,4.0,5.4,2.9,5.6,-0.2
North West,E06000050,Cheshire West and Chester,-,2.6,5.0,4.4,2.2,6.1,5.8,4.4,3.1,2.6,3.5,3.0,3.6,-0.6,0.2,5.1,2.5,1.8,4.2,-2.4
North West,E06000006,Halton,-,3.2,4.7,8.7,4.8,3.1,3.7,3.1,3.5,3.0,5.0,2.3,4.8,0.1,1.2,3.0,2.2,0.9,4.1,0.5
North West,E06000007,Warrington,-,3.7,3.7,8.9,4.7,2.0,2.5,5.4,1.7,3.5,4.7,0.4,1.6,0.4,2.0,5.8,0.6,2.8,7.4,1.6
North West,E07000026,Allerdale,-,5.6,2.6,7.4,5.8,-0.4,4.2,3.9,3.0,4.5,5.8,1.0,3.3,2.1,1.0,6.8,1.5,1.8,5.0,1.3
North West,E07000027,Barrow-in-Furness,-,6.1,0.8,7.5,5.4,1.0,3.4,5.1,2.3,4.7,6.7,2.3,4.2,2.0,1.7,5.7,1.8,2.3,5.6,2.1
North West,E07000028,Carlisle,-,4.8,2.0,2.6,6.2,2.8,5.5,3.7,4.9,4.0,2.4,1.2,6.7,1.6,0.4,4.7,4.2,1.5,4.2,0.5
North West,E07000029,Copeland,-,5.8,1.5,7.4,5.4,-0.2,4.2,6.0,1.8,4.9,6.3,1.7,3.7,2.7,1.4,5.7,1.6,1.5,5.5,1.8
North West,E07000030,Eden,-,5.2,1.8,1.9,6.0,4.2,4.6,5.0,3.1,2.7,1.5,1.9,3.6,2.4,-0.6,4.2,3.7,1.9,4.8,-0.3
North West,E07000031,South Lakeland,-,5.2,2.6,2.9,8.5,3.3,3.8,2.9,2.8,2.7,2.2,2.7,3.4,2.0,0.2,4.1,3.2,2.6,4.5,0.7
North West,E08000001,Bolton,-,2.3,4.7,5.5,3.3,2.2,1.3,3.8,2.4,3.2,3.6,0.7,2.5,0.2,0.6,4.4,2.1,0.8,1.8,-0.5
North West,E08000002,Bury,-,2.9,4.7,6.2,3.7,2.9,1.5,3.2,2.4,2.9,3.2,1.3,2.9,-0.3,0.7,4.5,2.9,2.6,4.4,-0.7
North West,E08000003,Manchester,-,5.2,8.2,5.6,4.2,4.8,0.6,2.4,3.9,2.9,2.8,2.2,4.5,-0.1,1.9,2.9,2.8,2.1,5.4,-0.0
North West,E08000004,Oldham ,-,2.8,5.0,5.2,3.5,2.1,1.0,3.7,2.3,4.4,3.4,1.5,2.7,0.7,0.9,4.9,3.1,2.2,4.0,-0.8
North West,E08000005,Rochdale,-,2.7,6.0,6.0,3.5,2.1,1.2,4.1,2.4,3.4,4.2,1.0,3.0,0.3,1.4,5.4,3.0,2.2,4.0,-1.3
North West,E08000006,Salford,-,2.7,4.2,5.9,1.2,2.5,2.9,3.6,3.3,2.9,3.0,1.6,2.2,-0.9,0.9,3.8,1.4,1.3,6.9,-0.1
North West,E08000007,Stockport,-,2.4,6.3,6.5,2.3,2.6,3.3,0.7,2.3,3.5,3.5,1.7,4.2,1.0,1.7,4.1,2.5,2.8,4.9,0.6
North West,E08000008,Tameside,-,2.8,6.3,6.0,1.7,3.0,2.7,2.2,4.9,4.0,3.7,1.6,4.4,0.9,1.8,3.8,2.9,2.5,4.9,0.4
North West,E08000009,Trafford,-,2.5,4.8,6.5,2.9,2.7,0.6,1.7,1.8,2.2,2.7,0.7,0.9,-0.5,0.9,3.2,1.7,1.3,6.5,-0.2
North West,E08000010,Wigan,-,2.4,4.5,5.8,3.1,1.7,2.5,2.6,1.8,3.6,3.3,0.9,2.1,0.5,0.7,4.2,2.0,0.7,1.9,-0.7
North West,E07000117,Burnley,-,3.0,3.5,5.8,3.8,0.1,3.6,3.6,5.0,4.3,5.3,4.0,3.7,-0.1,2.0,2.5,2.3,1.3,4.5,-0.4
North West,E07000118,Chorley,-,2.5,3.0,7.2,3.7,3.5,2.9,3.3,3.7,2.8,3.4,3.1,4.0,-0.3,2.4,2.8,1.0,2.2,7.0,0.9
North West,E07000119,Fylde,-,1.8,3.1,8.3,3.0,2.5,3.3,2.2,2.2,3.9,2.8,2.4,3.5,-0.3,-0.6,3.1,1.3,2.4,5.6,-1.4
North West,E07000120,Hyndburn,-,2.6,4.3,5.8,3.8,3.2,1.0,5.6,5.2,2.5,5.2,4.1,3.7,0.4,1.9,2.6,2.7,-0.1,5.5,0.1
North West,E07000121,Lancaster,-,3.9,3.1,7.3,4.2,3.9,3.3,3.8,3.1,3.4,4.1,2.9,5.4,0.2,1.2,2.8,3.0,1.9,2.8,1.2
North West,E07000122,Pendle,-,2.4,3.2,6.4,4.7,1.8,3.6,3.2,5.0,4.2,5.2,4.0,3.3,0.0,1.3,2.6,2.4,0.8,4.8,-0.5
North West,E07000123,Preston,-,2.9,2.0,6.4,5.2,1.6,2.6,3.6,5.2,3.0,3.6,2.3,5.3,-0.8,1.3,3.5,1.1,2.0,5.1,-1.1
North West,E07000124,Ribble Valley,-,2.9,2.9,5.3,4.7,1.8,3.4,2.9,1.7,2.5,3.4,2.4,1.8,0.2,2.0,1.5,1.8,2.8,5.3,-1.0
North West,E07000125,Rossendale,-,3.8,2.2,6.4,3.9,3.6,4.7,4.5,4.6,1.4,4.8,3.6,4.3,-0.1,1.8,1.3,3.4,0.4,5.4,-0.8
North West,E07000126,South Ribble,-,3.2,2.1,6.4,4.5,2.5,2.4,3.1,2.3,2.8,3.5,1.9,4.3,-0.6,1.3,1.9,1.8,2.4,4.9,-1.7
North West,E07000127,West Lancashire,-,1.2,4.4,7.3,4.0,2.2,2.9,3.3,3.5,3.2,4.1,2.4,4.2,-0.7,2.7,3.1,1.3,2.4,7.0,1.3
North West,E07000128,Wyre,-,2.7,2.8,6.8,4.2,3.5,2.5,2.5,3.2,3.2,3.5,2.6,5.4,-0.8,1.5,2.4,2.6,1.7,2.6,0.4
North West,E08000011,Knowsley ,-,3.8,5.1,9.5,5.5,2.6,3.2,4.1,4.2,3.0,5.5,3.0,3.9,0.5,1.8,3.7,2.1,1.2,4.5,0.4
North West,E08000012,Liverpool,-,2.1,5.5,5.5,5.2,2.3,3.0,3.1,1.5,4.8,3.1,0.2,4.8,0.8,1.2,3.6,2.8,2.4,3.7,-0.2
North West,E08000014,Sefton,-,3.4,2.2,0.4,-1.6,4.2,3.0,2.8,4.1,2.0,2.9,2.3,6.1,0.5,0.6,4.6,3.2,-0.3,4.7,-0.5
North West,E08000013,St. Helens,-,2.8,4.8,7.1,5.0,2.6,2.6,4.4,3.9,3.3,5.5,2.1,3.5,0.7,0.7,3.8,1.9,1.4,4.5,0.7
North West,E08000015,Wirral,-,4.1,4.2,6.6,3.4,4.5,3.2,1.3,0.9,1.8,5.1,2.6,4.2,0.3,0.3,4.1,2.7,1.6,3.3,-0.8
Yorkshire and The Humber,E06000011,East Riding of Yorkshire,-,2.4,7.3,2.9,-0.1,4.1,3.7,4.5,3.8,4.3,2.4,1.2,2.8,0.5,2.2,2.4,1.2,1.6,6.1,1.2
Yorkshire and The Humber,E06000010,"Kingston upon Hull, City of",-,5.1,5.7,9.6,5.7,3.0,0.0,1.3,2.0,0.7,3.4,2.9,4.9,0.2,2.9,3.1,0.9,2.8,4.0,2.1
Yorkshire and The Humber,E06000012,North East Lincolnshire,-,4.3,2.5,3.3,4.1,2.6,3.4,3.2,1.7,3.9,6.1,0.1,1.6,0.2,4.1,2.9,0.5,1.6,3.6,0.2
Yorkshire and The Humber,E06000013,North Lincolnshire,-,4.7,1.6,4.5,3.9,2.7,4.1,2.8,1.6,2.9,5.2,0.3,0.4,-0.2,3.9,3.1,0.7,1.1,3.8,0.3
Yorkshire and The Humber,E06000014,York,-,7.7,6.3,3.6,4.3,4.5,-0.5,-2.7,2.0,5.1,5.4,0.7,3.8,-0.3,1.0,5.0,1.8,3.3,3.5,0.9
Yorkshire and The Humber,E07000163,Craven,-,6.5,0.3,1.5,2.6,5.6,2.4,3.2,6.3,6.7,2.3,2.0,4.2,-1.6,1.9,4.3,1.1,0.8,6.1,0.9
Yorkshire and The Humber,E07000164,Hambleton,-,6.3,0.5,1.2,5.3,3.3,2.2,3.8,4.5,5.8,2.4,2.3,3.3,-1.4,2.6,4.1,1.7,0.7,5.8,0.7
Yorkshire and The Humber,E07000165,Harrogate,-,8.2,1.4,2.6,3.2,5.5,2.3,1.6,5.2,5.5,3.5,1.6,3.4,-0.9,2.2,3.8,2.2,0.4,6.5,1.2
Yorkshire and The Humber,E07000166,Richmondshire,-,6.4,2.3,1.5,1.5,3.8,2.8,4.4,5.4,7.0,3.3,2.7,4.5,-0.9,1.1,4.6,2.2,-0.1,5.3,1.9
Yorkshire and The Humber,E07000167,Ryedale,-,4.8,1.6,1.5,3.1,3.9,3.7,3.4,5.3,6.2,2.2,1.8,3.5,-1.5,2.6,4.0,2.3,0.4,6.1,1.4
Yorkshire and The Humber,E07000168,Scarborough,-,6.7,0.5,1.0,2.9,3.7,3.3,5.8,5.8,6.0,2.4,2.5,4.3,-2.2,2.5,4.1,1.8,0.6,6.0,0.1
Yorkshire and The Humber,E07000169,Selby,-,6.2,0.6,1.1,3.6,5.2,3.7,2.8,6.3,5.6,2.5,2.2,5.4,-2.6,2.2,4.5,1.8,0.3,5.9,1.4
Yorkshire and The Humber,E08000016,Barnsley,-,3.9,4.8,6.6,3.7,2.0,3.4,2.9,2.9,2.9,4.2,0.7,2.1,1.1,3.3,4.0,2.8,3.2,3.2,1.0
Yorkshire and The Humber,E08000017,Doncaster,-,4.8,5.1,6.6,3.3,2.6,3.7,2.2,2.6,3.2,3.9,1.0,2.3,1.2,2.8,4.0,2.7,2.8,3.5,1.0
Yorkshire and The Humber,E08000018,Rotherham ,-,3.5,5.1,6.9,4.0,2.2,2.9,1.5,3.2,3.1,3.8,0.6,2.7,1.2,2.5,4.3,2.9,2.4,3.6,0.9
Yorkshire and The Humber,E08000019,Sheffield,-,3.2,4.2,5.1,5.7,2.8,1.8,4.7,-0.0,1.5,2.1,2.6,3.6,-1.6,0.4,3.1,1.6,3.2,3.4,1.4
Yorkshire and The Humber,E08000032,Bradford ,-,2.7,4.3,6.8,-0.4,2.1,1.2,3.7,0.4,2.2,3.5,1.4,2.0,-1.1,1.0,3.4,3.4,2.5,4.7,1.0
Yorkshire and The Humber,E08000033,Calderdale,-,3.8,3.4,6.1,2.9,2.0,3.7,3.9,2.6,2.7,4.1,0.9,1.5,0.3,1.4,4.1,2.9,2.1,4.7,0.9
Yorkshire and The Humber,E08000034,Kirklees ,-,4.2,3.5,6.4,2.4,2.1,3.5,3.3,2.1,2.7,4.2,0.5,2.1,-0.2,1.6,4.1,2.9,1.7,5.1,1.0
Yorkshire and The Humber,E08000035,Leeds ,-,3.3,3.5,7.8,3.0,2.4,2.1,1.1,1.7,3.1,4.7,1.9,1.8,0.2,2.3,2.5,2.7,1.5,4.5,1.0
Yorkshire and The Humber,E08000036,Wakefield,-,4.4,3.3,6.5,3.1,3.5,3.8,3.7,2.9,2.9,4.8,0.3,1.8,1.0,-0.4,3.4,2.6,1.6,4.8,0.8
East Midlands,E06000015,Derby ,-,2.6,3.8,0.7,5.2,4.1,2.0,3.6,-0.8,6.3,2.3,-0.5,5.7,-3.7,-0.0,6.4,3.0,3.9,4.2,1.0
East Midlands,E06000016,Leicester,-,-1.0,4.8,6.5,3.8,2.9,1.6,2.0,-0.8,1.9,4.4,-1.1,2.9,1.6,0.5,4.1,1.9,1.6,4.6,2.0
East Midlands,E06000018,Nottingham,-,4.5,4.3,4.5,2.1,2.2,0.6,-1.6,1.6,2.0,4.1,2.3,0.3,-0.8,0.3,3.2,5.1,2.0,4.1,-1.3
East Midlands,E06000017,Rutland ,-,3.6,1.4,6.2,1.8,2.1,3.8,3.3,1.9,3.3,3.5,2.2,0.1,0.0,1.5,3.5,1.5,1.7,5.3,-0.9
East Midlands,E07000032,Amber Valley,-,4.0,4.4,5.6,4.0,3.4,7.4,4.8,3.0,3.7,5.0,2.1,1.3,-0.5,3.5,3.9,4.1,0.9,7.3,1.9
East Midlands,E07000033,Bolsover,-,5.2,5.9,4.5,8.4,2.0,2.3,2.8,3.0,4.6,5.8,0.3,1.4,-0.7,2.0,4.3,1.8,2.4,6.3,-0.3
East Midlands,E07000034,Chesterfield,-,4.9,5.9,4.9,8.6,3.2,1.6,3.7,2.7,5.0,4.9,-0.2,1.5,-0.2,1.9,4.6,2.2,1.5,6.2,-0.5
East Midlands,E07000035,Derbyshire Dales,-,4.6,3.8,4.6,4.5,2.8,5.7,4.0,3.6,3.5,4.2,0.7,-0.2,0.7,2.8,3.5,4.9,0.7,6.2,1.3
East Midlands,E07000036,Erewash,-,3.7,4.4,5.1,4.8,3.9,7.5,5.3,3.8,3.2,4.7,2.2,1.8,-0.4,3.9,3.6,4.3,1.1,6.7,1.9
East Midlands,E07000037,High Peak,-,3.8,3.9,5.8,4.7,3.4,7.0,4.7,2.9,3.7,4.9,2.5,0.9,-1.1,4.8,3.7,4.0,0.9,6.9,1.9
East Midlands,E07000038,North East Derbyshire,-,5.2,5.9,4.1,7.2,3.2,1.3,2.1,3.1,4.3,4.8,-0.4,1.5,-1.3,2.6,3.8,1.7,1.5,6.2,-0.5
East Midlands,E07000039,South Derbyshire,-,3.8,6.0,5.4,2.8,4.4,7.3,3.3,3.9,2.9,4.4,2.0,1.2,-0.6,4.1,4.0,4.1,1.6,6.8,1.8
East Midlands,E07000129,Blaby,-,2.2,2.5,4.5,2.9,2.2,5.0,3.2,2.7,2.5,4.6,0.3,2.6,-0.5,2.6,3.2,1.8,2.0,4.7,0.2
East Midlands,E07000130,Charnwood,-,2.9,2.5,4.6,3.8,3.7,5.0,4.3,2.7,2.3,4.8,1.1,2.5,0.2,2.1,3.8,1.5,1.9,4.9,-0.0
East Midlands,E07000131,Harborough,-,4.1,3.9,5.4,2.2,2.6,3.8,1.6,3.4,2.2,4.9,0.4,1.5,0.9,1.3,3.7,1.5,2.8,4.9,-0.6
East Midlands,E07000132,Hinckley and Bosworth,-,2.8,2.6,4.6,3.9,2.1,4.4,3.4,4.0,2.5,4.4,0.7,2.5,-0.8,1.8,2.8,1.6,2.1,4.8,-0.8
East Midlands,E07000133,Melton,-,2.9,3.4,4.4,2.7,4.1,3.4,3.8,2.3,2.8,4.7,0.2,2.9,-0.3,2.4,3.6,1.0,1.7,4.6,-0.6
East Midlands,E07000134,North West Leicestershire,-,3.2,2.5,5.1,2.9,2.8,4.6,3.6,2.8,2.7,4.8,0.9,1.8,0.2,1.7,3.0,2.9,1.9,5.3,-0.4
East Midlands,E07000135,Oadby and Wigston,-,2.8,2.0,3.8,2.5,3.7,5.4,4.2,2.3,2.5,5.0,0.6,2.1,0.0,2.9,2.9,1.3,2.0,5.4,-0.8
East Midlands,E07000136,Boston,-,3.2,1.9,3.9,4.2,2.5,4.1,3.9,3.6,1.9,5.6,2.6,3.0,0.8,2.9,3.3,1.5,2.0,3.1,-0.7
East Midlands,E07000137,East Lindsey,-,3.3,2.6,4.1,2.7,2.3,3.3,4.0,3.9,1.8,4.8,1.9,1.9,0.0,2.4,3.1,1.5,1.8,3.3,-1.4
East Midlands,E07000138,Lincoln,-,3.9,2.7,4.9,4.1,4.0,5.7,4.9,5.1,2.5,5.6,2.7,3.0,1.0,3.4,3.9,1.7,2.0,2.9,-0.4
East Midlands,E07000139,North Kesteven,-,3.2,2.8,4.3,3.2,2.0,4.6,2.1,4.0,1.9,5.4,2.8,1.5,0.5,2.6,3.5,1.4,2.5,3.4,-0.6
East Midlands,E07000140,South Holland,-,3.4,2.3,6.1,2.2,1.2,4.2,2.0,4.3,2.0,5.7,1.9,2.1,1.2,2.4,3.8,1.5,2.3,3.3,-0.8
East Midlands,E07000141,South Kesteven,-,3.7,2.8,3.9,4.0,2.1,3.9,2.9,3.6,1.7,5.3,2.6,1.5,1.1,2.3,3.6,1.3,2.3,2.9,-0.8
East Midlands,E07000142,West Lindsey,-,3.3,1.6,3.7,2.8,3.1,3.7,4.6,3.2,2.1,5.1,2.3,2.5,1.0,2.6,2.5,2.4,1.7,2.7,-1.6
East Midlands,E07000150,Corby,-,2.5,2.1,6.0,2.9,2.1,5.0,4.9,6.1,5.2,7.7,2.6,0.7,-0.5,2.3,4.7,3.9,1.9,5.9,-0.2
East Midlands,E07000151,Daventry,-,3.8,1.9,7.4,2.8,0.2,1.8,3.0,3.6,4.3,7.3,0.2,-0.3,-0.1,5.3,4.8,2.4,2.4,5.8,2.2
East Midlands,E07000152,East Northamptonshire,-,3.4,2.4,5.9,3.1,1.4,4.0,2.9,4.1,4.0,5.6,2.0,0.0,-1.2,2.5,3.8,3.3,1.9,6.4,0.3
East Midlands,E07000153,Kettering,-,2.9,2.9,6.2,3.2,1.6,3.9,4.0,3.9,4.6,6.6,1.2,0.4,-1.5,2.1,5.2,2.9,2.6,5.9,0.1
East Midlands,E07000154,Northampton,-,2.0,3.0,7.4,3.8,1.7,3.6,4.1,4.3,4.3,7.2,0.2,0.1,-0.5,6.7,5.1,2.1,2.5,5.4,1.5
East Midlands,E07000155,South Northamptonshire,-,2.2,3.6,9.3,2.8,0.1,2.1,1.4,3.1,4.6,7.0,0.7,-1.5,0.3,5.6,4.8,2.3,2.7,5.8,1.2
East Midlands,E07000156,Wellingborough,-,2.8,3.0,6.4,3.5,1.1,4.0,3.4,4.7,3.8,6.3,1.9,0.8,-1.4,2.0,4.8,2.7,2.3,6.2,-0.4
East Midlands,E07000170,Ashfield,-,6.2,3.8,6.7,3.7,3.5,2.9,5.3,1.8,2.2,6.6,2.1,2.1,-1.0,1.1,3.2,1.6,3.3,6.2,0.4
East Midlands,E07000171,Bassetlaw,-,5.1,4.1,6.4,3.7,3.7,2.0,5.8,1.9,1.8,6.0,2.3,2.8,-1.6,0.6,2.9,1.6,2.6,6.2,0.1
East Midlands,E07000172,Broxtowe,-,3.9,3.8,2.6,6.1,3.1,4.7,3.7,2.4,3.8,6.1,2.8,1.8,-2.1,0.3,5.6,2.5,1.9,4.1,1.9
East Midlands,E07000173,Gedling,-,3.8,3.1,2.7,5.8,3.4,3.7,3.7,1.9,4.2,6.1,2.5,2.6,-1.7,0.5,5.3,2.8,2.6,3.8,1.4
East Midlands,E07000174,Mansfield,-,5.7,3.4,6.1,4.7,3.4,3.7,5.6,2.4,2.2,7.1,2.5,3.1,-1.4,0.3,3.3,1.8,2.9,6.1,0.2
East Midlands,E07000175,Newark and Sherwood,-,6.7,2.4,7.2,4.1,4.0,3.2,4.1,1.2,1.8,6.1,2.9,2.4,-1.8,0.6,3.4,1.8,2.3,6.2,0.3
East Midlands,E07000176,Rushcliffe,-,4.5,4.1,4.5,4.7,2.0,2.7,2.7,1.9,3.2,6.2,2.9,0.9,-1.0,0.0,5.4,2.6,2.5,4.4,2.0
West Midlands,E06000019,"Herefordshire, County of",-,5.3,1.6,5.8,5.2,3.6,3.3,5.1,2.4,6.0,1.3,3.9,2.5,1.8,3.3,2.5,3.2,0.4,5.8,0.4
West Midlands,E06000051,Shropshire,-,6.3,0.8,4.3,2.0,3.4,3.7,4.4,1.8,5.6,2.4,5.5,2.7,-0.8,2.1,2.2,2.0,1.8,6.3,0.8
West Midlands,E06000021,Stoke-on-Trent,-,2.7,6.2,4.6,0.8,1.5,3.0,2.9,5.1,1.1,5.1,1.5,2.4,0.8,2.8,3.5,3.3,1.2,4.4,1.5
West Midlands,E06000020,Telford and Wrekin,-,3.1,1.7,-0.7,-0.6,4.3,5.1,4.3,-0.6,4.4,3.9,1.5,2.7,1.3,3.6,4.1,1.7,1.9,5.7,1.4
West Midlands,E07000192,Cannock Chase,-,5.8,2.4,4.7,6.0,3.0,2.7,1.4,3.8,4.3,3.3,3.2,2.5,-0.2,1.1,3.7,3.1,2.4,5.7,1.9
West Midlands,E07000193,East Staffordshire,-,5.5,3.2,5.0,5.6,2.4,2.4,2.3,2.7,4.7,3.8,3.3,2.6,0.3,1.2,3.3,3.3,2.5,5.8,1.4
West Midlands,E07000194,Lichfield,-,5.3,3.3,5.3,4.6,3.4,2.2,0.2,2.2,3.9,2.4,3.7,0.2,0.8,-0.0,3.5,2.6,2.7,5.7,1.4
West Midlands,E07000195,Newcastle-under-Lyme,-,4.5,3.0,5.3,4.8,2.6,3.2,1.6,4.2,4.7,3.3,3.7,2.3,-0.2,1.2,3.8,3.6,2.2,5.8,1.9
West Midlands,E07000196,South Staffordshire,-,5.5,2.8,5.4,4.8,3.9,1.4,-0.4,2.5,4.0,3.2,3.1,1.3,0.4,0.6,3.8,2.9,2.3,5.5,1.5
West Midlands,E07000197,Stafford,-,4.4,3.2,5.9,5.0,2.7,3.3,0.7,2.6,4.4,2.9,3.9,1.0,0.2,1.4,3.4,3.1,2.2,5.7,1.9
West Midlands,E07000198,Staffordshire Moorlands,-,6.3,3.1,4.9,5.0,1.6,2.6,2.7,2.5,4.5,2.6,3.4,0.8,0.2,0.7,3.1,2.7,2.4,5.8,1.2
West Midlands,E07000199,Tamworth,-,5.8,3.0,5.9,6.3,2.2,3.2,1.5,2.9,4.4,2.8,3.3,2.1,-0.6,0.6,3.5,3.3,2.1,5.4,2.1
West Midlands,E07000218,North Warwickshire,-,3.9,2.8,6.9,3.8,3.0,3.6,3.7,1.8,3.0,2.6,3.4,2.9,-1.3,1.7,3.9,3.2,3.0,7.1,1.5
West Midlands,E07000219,Nuneaton and Bedworth,-,3.2,2.7,7.0,4.2,2.4,4.4,4.1,1.7,3.7,3.3,2.9,3.3,-0.8,2.5,3.9,3.4,3.1,6.1,1.8
West Midlands,E07000220,Rugby,-,4.5,2.6,8.2,4.4,3.8,2.3,3.8,0.6,4.0,3.2,3.6,2.0,-0.2,1.9,4.0,3.6,3.9,6.1,1.6
West Midlands,E07000221,Stratford-on-Avon,-,4.6,4.9,5.9,2.9,1.3,2.3,1.1,1.5,2.6,2.6,3.6,0.3,0.3,2.3,4.2,2.4,2.9,7.1,1.6
West Midlands,E07000222,Warwick,-,5.8,3.8,8.4,3.5,3.3,2.7,2.5,1.4,3.4,3.5,3.8,1.5,0.2,1.9,4.1,3.4,4.0,6.1,2.5
West Midlands,E08000025,Birmingham,-,4.2,3.0,6.9,3.7,1.8,1.4,2.4,-0.1,3.1,2.0,2.2,2.2,1.5,0.8,3.0,2.0,3.2,4.1,0.4
West Midlands,E08000026,Coventry,-,2.2,3.5,9.0,4.3,3.0,-0.0,4.3,-1.2,1.5,5.2,2.1,3.3,1.1,1.1,2.2,1.8,1.3,2.2,-0.4
West Midlands,E08000027,Dudley ,-,4.2,3.0,5.1,2.1,1.2,1.7,3.9,0.8,2.8,1.8,1.2,4.6,1.8,1.1,4.5,2.5,2.2,4.4,1.8
West Midlands,E08000028,Sandwell ,-,4.1,3.4,6.0,2.6,2.0,1.7,3.1,0.8,1.7,1.8,1.7,3.5,1.2,1.7,3.6,1.4,3.8,5.0,-0.6
West Midlands,E08000029,Solihull,-,4.3,3.3,7.8,8.4,3.2,1.3,1.9,1.7,1.4,2.5,1.3,1.7,0.0,2.2,4.0,5.3,2.8,6.2,1.1
West Midlands,E08000030,Walsall,-,5.2,2.5,4.4,2.0,2.9,0.8,2.5,0.1,1.7,2.3,2.6,3.5,0.5,1.6,3.3,3.4,3.7,3.4,-1.5
West Midlands,E08000031,Wolverhampton,-,4.7,3.6,4.6,3.1,1.9,1.0,2.4,0.6,1.7,2.9,2.8,2.9,0.4,0.9,2.6,2.4,2.6,3.8,0.3
West Midlands,E07000234,Bromsgrove,-,6.8,2.0,4.8,3.2,2.9,0.4,4.1,4.2,5.2,-0.2,3.0,1.0,-1.0,2.2,3.7,3.3,3.4,6.5,1.2
West Midlands,E07000235,Malvern Hills,-,6.1,2.0,3.7,4.0,4.5,0.2,3.9,4.1,5.1,0.6,1.6,0.9,-0.6,2.1,2.6,3.8,2.7,6.0,1.3
West Midlands,E07000236,Redditch,-,6.6,2.6,4.0,3.8,3.6,2.9,6.9,3.9,5.4,0.5,2.1,3.3,-1.4,1.1,3.5,3.9,2.5,5.5,1.2
West Midlands,E07000237,Worcester,-,7.0,2.6,3.4,4.1,4.5,2.1,5.8,4.3,5.9,1.0,2.7,2.4,-1.3,2.3,4.0,3.6,2.7,6.1,1.6
West Midlands,E07000238,Wychavon,-,6.2,1.4,5.7,4.7,2.0,1.4,4.4,4.1,4.5,0.9,1.9,1.3,-0.8,2.1,2.9,3.3,3.5,5.8,1.5
West Midlands,E07000239,Wyre Forest,-,6.3,1.4,2.8,4.0,3.8,2.6,5.2,4.5,4.5,0.3,2.2,2.2,-1.8,1.5,3.2,3.6,2.3,5.7,1.1
East of England,E06000055,Bedford,-,1.4,3.6,5.1,0.7,4.5,1.3,2.9,4.4,3.6,3.3,3.8,3.3,1.3,1.5,2.9,2.3,2.1,8.1,1.9
East of England,E06000056,Central Bedfordshire,-,1.9,4.0,6.1,1.9,4.5,1.0,2.2,3.8,2.7,2.5,3.3,2.6,1.8,0.2,4.1,4.1,0.9,4.7,2.1
East of England,E06000032,Luton,-,-2.9,4.7,6.7,6.4,3.5,2.4,2.0,1.4,0.9,2.6,1.7,2.2,1.0,1.2,3.8,1.7,2.9,3.3,3.1
East of England,E06000031,Peterborough,-,4.3,6.7,6.5,2.9,1.9,-0.3,0.6,2.2,5.3,4.1,1.3,0.4,0.8,0.7,3.9,2.7,3.8,5.0,-0.4
East of England,E06000033,Southend-on-Sea,-,3.7,4.9,6.4,6.2,4.0,2.4,0.1,2.0,2.6,3.0,2.0,3.6,0.5,0.8,3.3,3.3,2.3,5.7,2.6
East of England,E06000034,Thurrock,-,2.4,1.8,2.3,4.6,6.2,3.6,2.2,2.5,2.8,4.0,3.9,2.8,0.7,0.4,3.3,2.1,3.6,4.5,1.7
East of England,E07000008,Cambridge,-,4.6,5.9,6.6,2.0,4.6,0.4,4.7,6.5,4.1,3.1,2.0,2.8,0.0,0.5,4.8,5.1,4.6,5.5,2.5
East of England,E07000009,East Cambridgeshire,-,4.7,4.9,5.5,1.5,4.5,-0.7,4.9,5.6,3.8,3.0,2.3,2.7,-0.5,-0.2,4.7,3.9,3.8,5.1,1.8
East of England,E07000010,Fenland,-,4.1,3.7,4.8,1.0,5.9,0.9,4.6,6.0,4.4,3.1,2.7,2.8,-0.9,0.4,4.6,4.2,3.3,5.3,1.8
East of England,E07000011,Huntingdonshire,-,4.3,5.1,4.8,1.3,4.7,0.5,4.6,6.2,3.9,3.1,2.3,2.1,-0.6,-0.2,5.0,3.9,3.5,5.0,2.0
East of England,E07000012,South Cambridgeshire,-,4.6,5.1,5.2,2.0,3.4,-1.1,3.6,5.8,4.0,3.1,2.2,1.3,-0.8,1.0,4.4,3.8,3.7,6.0,2.3
East of England,E07000066,Basildon,-,2.9,5.3,4.7,5.5,3.7,1.8,3.3,3.1,2.8,3.0,4.0,4.1,-1.0,1.3,4.1,1.1,0.7,5.7,2.5
East of England,E07000067,Braintree,-,4.0,6.2,5.5,4.7,4.8,1.1,3.9,3.1,2.2,3.2,4.4,3.7,-1.5,1.8,3.8,3.0,1.4,4.5,1.9
East of England,E07000068,Brentwood,-,1.4,5.4,5.3,2.7,1.1,2.1,1.7,3.1,2.6,2.3,4.4,3.5,-1.7,1.3,4.7,2.1,3.5,3.9,1.2
East of England,E07000069,Castle Point,-,1.9,4.5,4.5,5.2,3.0,2.0,2.0,2.5,1.7,3.4,3.9,3.0,-1.4,1.3,3.2,1.1,0.8,5.8,1.9
East of England,E07000070,Chelmsford,-,2.1,5.1,5.0,4.8,2.7,1.5,2.2,2.6,2.9,3.4,3.2,2.7,-1.5,1.0,3.9,2.2,2.5,3.7,0.5
East of England,E07000071,Colchester,-,3.4,6.1,5.2,5.5,3.9,1.6,4.1,3.6,2.4,3.3,3.6,4.8,-1.0,2.4,4.3,3.1,0.8,4.6,2.3
East of England,E07000072,Epping Forest,-,2.9,4.6,5.1,3.6,2.0,2.0,2.8,4.2,2.5,3.3,4.6,0.0,-1.5,1.7,4.4,2.2,1.8,10.9,1.6
East of England,E07000073,Harlow,-,2.0,3.4,6.4,4.2,3.4,1.2,5.5,5.1,2.3,3.6,3.5,1.9,-2.6,2.6,4.5,1.9,1.0,11.2,2.0
East of England,E07000074,Maldon,-,2.1,4.1,5.4,3.1,2.4,0.6,2.3,2.8,2.7,2.4,4.6,1.3,-1.7,1.6,3.1,2.0,2.6,3.4,0.1
East of England,E07000075,Rochford,-,2.0,4.7,4.8,5.4,2.7,2.4,2.4,2.9,2.0,3.5,3.9,2.8,-1.0,1.2,3.5,1.4,0.7,6.0,2.5
East of England,E07000076,Tendring,-,2.3,5.9,5.6,5.1,3.6,2.2,3.2,3.2,2.6,3.5,4.5,3.1,-1.7,2.0,3.6,3.1,1.0,4.6,1.2
East of England,E07000077,Uttlesford,-,2.3,4.0,6.6,2.9,1.7,0.3,4.3,4.2,1.3,2.2,3.9,1.5,-2.2,2.3,4.9,1.6,0.8,10.5,1.2
East of England,E07000095,Broxbourne,-,5.0,0.3,8.3,5.0,2.0,1.9,2.0,2.6,4.4,5.1,2.1,3.0,-1.9,0.3,5.3,4.7,2.4,6.5,0.4
East of England,E07000096,Dacorum,-,5.1,1.1,9.2,4.7,2.1,1.8,2.5,2.9,4.8,4.9,2.4,3.2,-1.6,0.2,5.0,4.7,3.1,6.3,0.0
East of England,E07000242,East Hertfordshire,-,4.7,1.4,8.0,5.0,1.9,1.3,2.2,2.8,4.2,4.3,2.3,2.7,-1.8,1.0,4.6,4.9,2.4,6.0,0.1
East of England,E07000098,Hertsmere,-,6.4,2.1,6.9,5.7,2.1,1.7,2.4,2.8,4.4,4.7,2.0,2.7,-0.9,-0.0,5.1,4.9,3.9,5.8,-0.2
East of England,E07000099,North Hertfordshire,-,5.4,1.1,10.0,5.1,1.6,2.8,1.8,2.7,5.6,4.1,2.1,2.9,-1.4,0.4,5.2,4.3,2.7,6.2,0.4
East of England,E07000240,St Albans,-,5.4,1.1,9.1,4.1,1.3,0.9,0.8,3.2,4.3,4.8,1.8,2.7,-0.8,0.0,5.2,3.8,4.0,5.9,0.0
East of England,E07000243,Stevenage,-,5.1,1.4,8.9,6.7,3.5,2.2,3.1,3.1,4.8,5.2,2.2,4.1,-1.8,0.6,5.0,4.9,2.8,6.4,0.2
East of England,E07000102,Three Rivers,-,5.9,-0.1,7.6,6.2,0.5,1.6,2.2,3.0,4.0,5.3,1.8,2.6,-0.1,-0.1,5.7,5.2,2.2,6.4,0.1
East of England,E07000103,Watford,-,5.5,1.7,9.3,5.8,2.0,2.4,2.5,3.3,4.4,5.4,2.4,2.4,-1.5,0.1,5.2,4.8,2.5,6.3,0.7
East of England,E07000241,Welwyn Hatfield,-,4.7,1.6,8.3,5.6,3.3,2.5,3.0,3.0,5.2,4.9,2.8,3.8,-1.4,0.9,4.6,5.2,2.6,6.5,1.3
East of England,E07000143,Breckland,-,3.3,0.8,6.6,5.2,1.3,2.2,3.0,3.8,1.3,5.2,4.2,1.7,1.5,2.5,4.6,0.5,1.6,5.4,-0.4
East of England,E07000144,Broadland,-,2.3,0.9,5.4,4.3,1.7,0.8,1.3,2.6,0.1,4.8,4.3,1.5,1.6,2.5,4.2,1.6,1.4,6.7,0.6
East of England,E07000145,Great Yarmouth,-,2.6,1.5,4.9,5.0,0.9,2.1,2.9,2.4,-0.1,5.0,4.8,3.6,1.1,2.9,4.3,1.5,0.6,6.5,0.4
East of England,E07000146,Kingâ€™s Lynn and West Norfolk,-,2.3,3.3,6.5,6.3,2.0,2.4,2.7,4.2,0.8,5.1,5.1,4.9,2.6,3.0,4.4,2.2,1.0,4.5,1.5
East of England,E07000147,North Norfolk,-,2.5,2.2,6.2,6.3,3.5,2.0,1.6,4.3,0.5,4.5,5.5,2.5,2.6,2.7,4.3,2.3,1.1,5.1,1.1
East of England,E07000148,Norwich,-,3.6,2.9,6.9,5.8,3.1,2.4,2.4,3.4,1.0,5.3,4.4,3.3,2.2,2.9,4.7,2.0,1.2,6.6,1.3
East of England,E07000149,South Norfolk,-,2.4,1.6,5.8,5.3,1.4,1.8,2.5,3.4,1.1,4.7,3.9,1.4,1.5,2.3,4.3,0.4,1.8,5.7,-0.1
East of England,E07000200,Babergh,-,1.0,3.1,8.3,4.6,3.8,1.1,2.8,3.2,2.7,2.8,4.8,3.5,0.1,-0.2,4.7,1.8,2.0,5.5,1.9
East of England,E07000201,Forest Heath,-,1.6,3.7,9.9,6.4,2.9,2.8,4.2,3.1,2.2,3.3,6.2,2.6,-0.3,0.8,5.1,1.9,1.1,4.8,1.7
East of England,E07000202,Ipswich,-,2.7,3.0,9.9,5.7,3.0,2.6,4.6,4.3,3.2,3.7,5.9,4.2,-0.1,0.7,5.1,2.6,1.7,5.6,1.9
East of England,E07000203,Mid Suffolk,-,1.8,2.5,9.8,3.3,3.7,1.5,3.5,3.0,1.8,3.2,5.7,3.5,-0.8,0.1,4.7,2.3,1.5,6.1,1.9
East of England,E07000204,St Edmundsbury,-,2.5,2.4,9.2,5.7,2.9,2.0,2.9,3.1,2.6,2.9,5.3,3.2,-0.4,0.7,4.6,2.6,2.2,6.0,1.2
East of England,E07000205,Suffolk Coastal,-,2.8,2.4,8.5,5.2,2.6,1.4,3.3,3.2,2.3,3.4,6.3,2.3,0.1,0.5,3.9,2.6,2.0,5.7,1.2
East of England,E07000206,Waveney,-,1.5,2.0,9.3,5.2,2.6,3.6,3.8,3.3,2.5,3.4,5.8,3.7,-0.9,0.1,4.7,2.5,0.9,6.1,1.3
London,E09000007,Camden,-,10.9,5.1,11.2,-0.5,0.2,2.0,8.5,10.8,9.8,9.8,9.2,-1.7,-5.3,-3.5,8.6,9.9,0.8,7.0,0.3
London,E09000001,City of London,-,13.9,3.8,9.8,3.5,-0.0,5.9,6.7,12.2,9.4,12.0,4.1,-0.7,-4.9,-2.4,9.8,15.0,2.6,10.3,-4.8
London,E09000012,Hackney ,-,10.4,12.0,13.7,5.9,2.2,4.7,7.9,10.4,9.4,7.0,3.0,3.1,-0.2,1.3,6.9,6.7,3.6,6.8,2.9
London,E09000013,Hammersmith and Fulham ,-,3.1,3.6,8.2,-0.8,-1.5,2.6,6.4,7.7,9.9,9.7,5.6,0.9,-4.5,-3.3,8.4,11.9,4.9,8.0,-0.9
London,E09000014,Haringey,-,2.3,5.8,6.6,2.4,1.8,1.7,4.7,4.6,5.5,5.4,0.7,0.0,1.3,0.3,6.7,1.2,3.2,5.5,-1.0
London,E09000019,Islington,-,4.5,7.3,8.0,1.9,1.9,1.4,4.4,5.5,7.1,6.9,2.2,-1.4,1.3,0.4,6.4,2.2,3.0,5.7,-0.7
London,E09000020,Kensington and Chelsea,-,1.1,2.8,8.2,-1.4,-1.9,1.7,6.5,6.8,10.1,11.5,7.0,-2.3,-3.7,-1.6,11.4,10.7,7.4,6.4,-1.7
London,E09000022,Lambeth ,-,4.5,7.3,9.3,2.0,2.0,2.9,4.9,6.1,6.4,6.8,2.2,0.4,2.0,0.7,6.5,4.2,4.2,10.8,0.1
London,E09000023,Lewisham ,-,4.8,5.7,8.2,3.5,2.9,4.8,5.0,6.0,6.5,5.8,1.9,-0.1,3.5,-0.7,6.6,3.8,4.8,7.0,0.5
London,E09000025,Newham ,-,8.8,9.3,13.9,7.6,4.4,6.8,7.7,9.9,8.0,6.5,2.8,-0.2,0.5,0.5,5.7,5.2,2.3,8.0,3.1
London,E09000028,Southwark,-,5.3,7.6,9.6,2.7,1.8,4.7,5.5,7.1,6.2,6.3,2.0,1.5,4.4,-0.2,6.3,4.2,4.8,6.5,0.2
London,E09000030,Tower Hamlets,-,3.8,4.0,7.9,2.9,0.5,2.8,4.2,5.3,5.4,5.0,1.2,1.0,-0.1,-0.7,4.9,2.3,1.2,6.5,0.4
London,E09000032,Wandsworth,-,11.4,10.5,13.1,3.2,-0.2,1.7,7.3,10.8,8.9,10.6,3.8,0.6,-4.9,-4.4,7.7,9.0,5.5,5.6,2.8
London,E09000033,Westminster,-,4.5,8.5,9.3,1.4,-1.1,1.8,6.7,8.0,9.7,11.3,7.0,2.1,-3.7,-2.1,9.0,10.0,4.8,5.9,-1.2
London,E09000002,Barking and Dagenham,-,5.4,3.3,7.4,7.4,3.8,3.8,4.1,2.6,2.5,5.8,3.7,0.2,0.4,0.6,6.5,2.3,1.7,5.8,3.7
London,E09000003,Barnet,-,5.5,4.5,9.0,3.3,3.4,4.6,3.4,5.9,4.2,5.5,3.0,-1.8,0.6,0.7,8.1,4.0,4.8,10.7,-0.5
London,E09000004,Bexley,-,2.2,2.1,4.7,5.2,1.2,2.7,2.2,1.6,2.2,5.1,2.0,-0.3,0.3,-0.6,4.9,2.5,2.0,6.0,1.2
London,E09000005,Brent ,-,5.0,6.5,7.3,4.6,4.1,4.5,3.4,6.3,2.2,5.2,3.0,0.5,-0.3,0.8,8.2,5.8,4.1,7.7,0.9
London,E09000006,Bromley,-,5.9,4.1,7.6,3.4,2.2,5.0,5.4,4.1,3.1,4.8,1.2,-1.4,1.2,1.7,6.6,2.7,3.8,6.3,1.0
London,E09000008,Croydon,-,4.4,6.4,8.8,5.2,3.4,5.2,5.1,4.9,3.3,5.5,2.2,-1.2,0.9,1.1,6.6,3.0,1.4,7.4,3.0
London,E09000009,Ealing,-,4.5,3.9,6.3,4.2,2.9,4.1,2.5,3.7,2.6,4.9,3.0,-0.3,1.1,0.7,8.0,5.8,5.6,7.8,2.8
London,E09000010,Enfield,-,4.4,2.5,8.2,6.1,1.4,3.5,4.2,3.8,3.1,6.5,3.2,-0.5,-0.1,-0.1,7.4,2.2,3.5,7.7,1.8
London,E09000011,Greenwich,-,2.6,3.9,6.0,5.3,1.9,2.6,2.7,2.9,2.6,4.8,2.9,0.7,0.6,-0.1,5.1,2.9,2.4,5.0,1.2
London,E09000015,Harrow,-,6.4,5.5,7.5,5.7,3.4,4.8,2.4,4.2,1.7,6.0,2.8,-2.2,1.5,0.2,7.3,5.0,2.1,7.2,1.8
London,E09000016,Havering,-,4.5,2.7,7.1,5.9,2.1,4.4,3.1,3.1,2.7,5.8,3.2,-1.3,0.7,0.4,6.5,2.4,0.5,6.4,3.6
London,E09000017,Hillingdon,-,6.2,5.5,7.4,5.1,3.8,4.3,3.7,4.8,2.8,5.1,3.3,-1.1,0.6,0.1,6.8,5.1,1.9,7.9,2.0
London,E09000018,Hounslow,-,3.8,2.8,6.7,3.3,2.3,3.5,1.9,3.3,3.0,3.3,2.5,0.4,-0.3,0.2,6.5,3.8,2.6,7.8,3.8
London,E09000021,Kingston upon Thames,-,4.3,4.7,7.5,2.5,1.9,4.2,5.0,3.6,2.4,5.8,1.5,-2.5,1.1,0.9,7.2,3.6,1.3,6.1,1.7
London,E09000024,Merton,-,3.7,4.5,7.2,2.8,1.8,4.0,5.4,4.0,2.5,4.9,1.9,-1.5,1.8,1.4,5.8,4.5,2.3,5.9,2.0
London,E09000026,Redbridge,-,2.9,3.8,7.0,6.3,2.6,3.5,3.6,3.3,1.8,4.3,2.5,-1.5,0.5,-0.0,8.0,2.3,2.3,8.3,2.4
London,E09000027,Richmond upon Thames,-,3.5,3.7,6.9,1.5,0.7,2.8,2.1,3.0,3.4,5.5,2.2,-2.1,-0.6,1.5,5.9,4.9,3.1,8.1,3.5
London,E09000029,Sutton,-,3.5,2.8,7.6,2.0,2.2,4.2,4.7,4.6,2.7,4.8,1.8,-1.6,1.3,1.0,6.5,3.5,1.1,6.7,1.2
London,E09000031,Waltham Forest,-,3.2,3.4,7.2,7.4,3.0,3.0,3.3,3.6,2.8,5.3,2.3,-0.5,0.9,0.2,7.3,3.3,3.8,7.1,2.6
South East,E06000036,Bracknell Forest,-,3.4,1.2,7.5,1.3,3.2,1.6,1.8,3.3,4.9,6.4,1.8,1.4,-0.6,1.4,5.1,4.1,1.1,5.6,2.6
South East,E06000043,Brighton and Hove,-,1.9,3.4,6.9,4.4,3.1,1.2,3.8,5.0,1.5,3.0,3.5,2.6,-1.3,1.0,3.0,3.1,1.9,7.1,-0.5
South East,E06000046,Isle of Wight,-,3.4,1.8,5.2,7.3,2.5,0.8,4.4,4.4,4.9,3.9,2.9,4.8,1.0,1.6,1.5,2.2,-0.6,3.4,-1.1
South East,E06000035,Medway,-,-0.4,3.2,6.1,4.3,3.0,0.9,4.5,2.6,2.9,4.5,2.4,3.4,-0.5,1.3,2.8,1.4,1.6,6.0,1.3
South East,E06000042,Milton Keynes,-,3.2,2.1,5.9,3.3,5.8,1.7,5.0,3.0,3.2,4.6,2.8,0.3,1.7,0.0,3.0,1.4,2.3,6.9,3.3
South East,E06000044,Portsmouth,-,1.7,4.8,8.8,0.2,4.3,0.6,-0.1,-0.5,1.9,5.0,3.3,4.9,-1.1,1.0,1.2,4.3,1.5,6.8,0.3
South East,E06000038,Reading,-,3.3,2.8,9.7,1.4,3.8,1.6,2.9,3.3,4.5,7.0,1.9,-0.1,-1.1,1.7,5.1,4.0,1.3,5.4,3.0
South East,E06000039,Slough,-,3.8,1.0,8.1,2.8,3.2,2.5,2.6,3.7,4.3,6.6,2.2,0.9,-0.9,1.8,4.8,4.4,0.6,5.4,2.6
South East,E06000045,Southampton,-,0.3,0.5,6.8,3.7,4.1,0.9,2.8,0.7,4.4,5.5,2.0,2.8,-0.8,1.2,2.6,2.6,1.5,4.0,-1.5
South East,E06000037,West Berkshire,-,2.8,2.5,6.6,1.4,2.5,1.4,2.3,3.4,4.6,6.0,2.0,0.5,-1.5,1.8,4.3,3.4,0.8,6.0,2.5
South East,E06000040,Windsor and Maidenhead,-,4.4,0.6,7.2,0.4,1.5,0.8,0.3,4.4,3.6,5.7,2.6,0.4,-1.5,2.3,4.5,3.5,2.8,5.9,2.4
South East,E06000041,Wokingham,-,3.2,2.6,6.6,-0.1,2.7,1.6,1.5,2.4,3.3,6.1,0.6,0.7,-1.2,1.9,4.1,3.3,2.1,6.6,2.1
South East,E07000004,Aylesbury Vale,-,3.2,3.2,7.2,4.6,2.9,0.5,3.9,3.3,7.4,3.9,1.8,3.2,-1.1,1.0,3.1,3.2,2.0,7.1,-0.2
South East,E07000005,Chiltern,-,3.8,2.3,6.0,4.4,0.8,0.2,3.6,1.2,8.2,2.7,4.7,0.3,-2.5,1.1,4.0,2.6,3.4,7.3,0.1
South East,E07000006,South Bucks,-,2.7,2.3,5.5,3.3,1.3,1.0,3.3,2.8,8.0,4.7,2.4,0.4,0.2,0.3,2.4,2.9,5.2,6.0,-0.1
South East,E07000007,Wycombe,-,3.4,3.5,6.6,4.1,2.2,0.7,3.8,3.3,6.8,3.6,2.2,2.5,-1.3,0.7,3.9,3.5,1.7,7.4,-0.8
South East,E07000061,Eastbourne,-,2.6,3.5,6.8,4.5,3.1,2.3,2.1,4.4,3.8,7.1,2.9,1.8,2.9,-0.7,3.0,4.5,0.9,5.2,-0.1
South East,E07000062,Hastings,-,2.8,3.5,5.9,4.1,4.0,2.0,3.4,4.1,4.7,7.4,2.2,3.2,2.0,-0.2,4.0,4.7,0.5,4.9,0.1
South East,E07000063,Lewes,-,2.3,3.5,6.3,5.0,1.9,1.1,2.2,4.1,3.9,7.5,2.8,1.4,1.9,0.6,3.0,4.4,0.7,5.8,-0.2
South East,E07000064,Rother,-,1.3,3.6,5.7,4.5,2.2,1.9,1.2,4.0,3.8,7.0,3.5,1.3,1.9,-0.2,3.3,4.7,0.4,5.5,-0.6
South East,E07000065,Wealden,-,3.5,3.0,5.3,3.2,1.8,1.1,1.4,3.9,4.0,5.8,3.3,0.5,3.2,-1.1,3.6,4.4,0.4,5.6,-0.3
South East,E07000084,Basingstoke and Deane,-,2.7,1.9,6.6,3.0,2.4,0.9,3.8,1.4,2.5,4.9,2.2,2.8,-0.8,0.9,5.6,3.2,1.0,6.5,0.6
South East,E07000085,East Hampshire,-,3.6,4.7,6.3,4.0,2.7,0.9,3.3,4.0,3.8,4.5,3.1,2.4,0.1,1.2,4.4,2.5,2.0,6.3,1.1
South East,E07000086,Eastleigh,-,3.1,3.7,6.0,5.1,4.6,1.4,4.2,3.4,2.7,4.9,3.3,3.3,-0.3,1.6,5.7,3.6,0.8,4.2,1.7
South East,E07000087,Fareham,-,3.7,3.2,6.0,4.7,4.0,0.9,3.5,2.3,3.3,4.7,3.6,2.9,-0.2,1.9,5.9,3.1,1.3,4.5,1.5
South East,E07000088,Gosport,-,3.1,4.1,6.5,6.2,4.9,2.6,4.4,2.9,3.3,4.6,3.2,4.5,-0.8,1.4,5.7,3.9,1.0,4.5,1.8
South East,E07000089,Hart,-,2.1,0.5,6.7,2.2,2.0,-0.5,3.1,1.3,2.6,4.4,3.0,0.8,-1.1,1.5,5.3,3.0,2.0,7.2,0.2
South East,E07000090,Havant,-,3.0,3.0,5.4,5.6,4.8,0.8,4.2,3.1,3.3,4.9,3.1,4.0,-0.3,1.6,5.3,4.6,1.4,4.3,1.9
South East,E07000091,New Forest,-,2.5,2.5,7.7,3.3,2.8,1.8,4.5,3.4,4.3,4.1,3.3,2.0,-1.1,2.0,5.1,1.0,1.5,7.1,0.5
South East,E07000092,Rushmoor,-,2.0,2.3,6.2,3.7,3.8,0.9,3.9,2.1,3.1,5.3,2.6,2.8,0.3,0.7,5.1,3.9,1.4,6.6,1.1
South East,E07000093,Test Valley,-,3.3,1.3,8.5,3.4,3.0,0.8,4.5,3.2,4.5,4.8,3.0,2.3,-1.1,1.5,5.4,1.2,1.4,6.4,1.4
South East,E07000094,Winchester,-,4.3,3.0,8.7,3.7,2.4,0.1,5.4,3.5,3.4,5.0,3.5,1.0,0.3,1.8,5.4,2.2,1.7,6.9,0.3
South East,E07000105,Ashford,-,2.1,2.7,7.4,3.8,1.9,0.5,4.2,2.8,2.9,3.6,2.3,1.8,-0.1,0.5,4.7,3.2,1.5,3.9,-1.5
South East,E07000106,Canterbury,-,3.9,5.7,8.9,6.0,4.8,1.5,4.0,3.8,2.9,5.3,3.2,3.7,1.8,2.1,4.6,3.5,2.0,5.0,-0.3
South East,E07000107,Dartford,-,2.1,3.7,6.7,3.9,4.3,1.9,2.5,3.2,3.5,4.9,2.8,1.9,0.4,1.6,4.3,2.3,2.1,6.0,1.0
South East,E07000108,Dover,-,3.5,4.4,6.9,5.8,3.9,1.8,4.5,3.7,3.9,5.0,2.8,5.5,0.1,1.6,4.0,3.6,1.8,4.7,-0.6
South East,E07000109,Gravesham,-,2.3,3.2,5.8,4.4,4.2,1.0,3.8,2.3,2.9,4.9,2.4,3.3,-0.0,1.7,3.5,2.9,2.0,5.0,0.7
South East,E07000110,Maidstone,-,1.9,2.7,7.3,3.5,1.5,1.2,3.6,2.5,3.1,3.6,2.0,1.6,-0.0,0.7,4.1,3.3,1.1,4.1,-1.2
South East,E07000111,Sevenoaks,-,1.2,0.8,8.0,2.6,1.0,1.1,4.0,2.6,3.4,3.4,2.2,0.3,-0.9,2.0,4.1,2.9,3.5,6.6,-3.3
South East,E07000112,Shepway,-,3.5,4.5,6.9,4.5,4.4,2.4,3.5,4.4,3.7,4.3,3.6,5.0,-0.1,1.7,4.0,2.8,0.8,5.4,-0.9
South East,E07000113,Swale,-,2.4,4.1,6.2,3.9,4.1,1.4,3.6,2.4,2.9,3.7,2.4,2.4,-0.1,1.3,3.3,2.9,1.6,5.0,0.3
South East,E07000114,Thanet,-,2.8,4.7,7.5,5.6,4.3,1.7,4.5,4.7,4.1,4.6,3.3,4.9,0.1,2.0,3.9,3.2,2.0,4.6,-1.0
South East,E07000115,Tonbridge and Malling,-,0.4,1.1,7.9,2.1,2.5,-0.0,4.6,2.5,3.6,3.3,1.5,0.6,0.2,0.9,4.4,4.4,2.6,6.8,-2.5
South East,E07000116,Tunbridge Wells,-,1.5,2.2,7.5,2.7,1.9,0.5,4.8,3.0,3.8,3.2,1.5,1.7,-0.6,1.0,4.1,3.8,2.2,7.3,-2.2
South East,E07000177,Cherwell,-,2.9,2.8,7.9,2.4,2.6,0.8,4.1,1.4,6.8,2.6,2.8,2.7,-2.0,1.6,4.9,3.4,3.1,7.7,1.9
South East,E07000178,Oxford,-,3.9,3.2,8.5,2.5,4.0,1.5,5.0,1.8,7.2,2.3,2.6,1.5,-1.7,1.7,5.9,3.5,3.0,7.2,2.2
South East,E07000179,South Oxfordshire,-,2.5,2.7,8.1,1.1,2.9,-0.0,3.0,2.8,5.9,3.4,1.1,2.6,-1.4,0.9,5.2,3.2,2.3,8.3,1.3
South East,E07000180,Vale of White Horse,-,3.6,0.6,7.9,2.1,2.3,0.3,2.9,2.5,6.9,2.4,3.2,1.0,-1.5,1.5,5.1,2.6,3.5,8.0,1.4
South East,E07000181,West Oxfordshire,-,2.5,2.8,6.5,1.3,2.7,0.4,3.2,1.7,6.9,3.2,2.1,2.4,-1.9,1.9,5.2,2.9,2.3,7.6,1.4
South East,E07000207,Elmbridge,-,5.5,2.7,5.2,1.9,1.6,-1.5,4.2,5.4,6.7,2.8,2.8,0.6,-1.1,1.7,5.8,4.2,1.8,6.5,-0.8
South East,E07000208,Epsom and Ewell,-,6.4,2.7,5.6,1.9,3.2,0.2,2.9,5.5,7.7,2.8,0.9,-1.8,0.7,2.1,5.3,3.2,1.8,6.6,-0.6
South East,E07000209,Guildford,-,5.4,3.5,4.8,1.6,3.3,0.4,3.8,5.1,6.0,3.5,0.6,0.5,1.0,1.2,5.8,4.3,2.0,6.5,0.2
South East,E07000210,Mole Valley,-,5.2,2.5,5.2,0.7,3.7,-1.4,3.0,7.4,5.8,3.2,2.2,-0.7,-1.1,1.9,6.9,2.9,1.1,6.3,-0.8
South East,E07000211,Reigate and Banstead,-,6.9,2.7,5.4,1.7,3.2,1.0,3.5,6.0,6.9,3.6,0.3,0.2,-0.9,0.6,5.9,3.6,1.5,6.0,-1.0
South East,E07000212,Runnymede,-,5.8,4.4,3.7,1.9,3.3,0.6,3.6,5.3,6.3,3.4,1.1,0.5,-0.8,1.9,4.2,5.8,2.6,6.0,0.3
South East,E07000213,Spelthorne,-,5.0,2.9,4.5,1.7,3.4,0.0,3.1,5.7,6.6,2.9,1.3,1.2,-0.9,1.9,5.1,5.0,1.7,6.4,0.2
South East,E07000214,Surrey Heath,-,5.5,2.8,3.8,1.3,3.3,0.7,1.8,4.6,6.4,3.2,-0.3,1.8,-0.7,1.6,5.6,4.6,1.6,6.3,-1.0
South East,E07000215,Tandridge,-,5.4,2.7,3.9,1.8,3.4,1.7,2.1,5.4,7.7,3.0,0.9,-1.0,0.1,1.2,5.2,4.2,1.4,6.5,-1.7
South East,E07000216,Waverley,-,5.3,2.0,4.6,1.9,2.8,0.2,2.7,5.1,6.6,2.3,1.8,0.2,-0.7,1.8,5.6,3.9,2.0,6.1,-0.5
South East,E07000217,Woking,-,5.5,3.7,5.5,1.2,3.8,1.1,2.9,6.2,6.8,2.4,1.0,1.1,-0.6,0.9,5.4,4.4,2.2,6.3,-0.4
South East,E07000223,Adur,-,5.3,0.9,8.2,6.1,2.2,1.3,3.2,5.8,4.1,4.2,1.3,1.3,1.2,2.0,5.1,4.1,1.4,7.7,0.3
South East,E07000224,Arun,-,5.3,0.9,7.1,6.0,2.1,1.6,2.9,4.9,3.6,4.0,1.6,1.6,1.2,1.7,4.7,4.1,0.5,7.3,0.3
South East,E07000225,Chichester,-,5.1,2.0,8.2,4.3,1.8,1.4,4.1,4.5,3.8,1.8,2.5,1.4,0.6,2.9,4.4,3.9,0.7,7.6,0.1
South East,E07000226,Crawley,-,2.8,-0.0,6.8,4.1,1.9,1.4,3.8,3.8,3.7,3.8,1.0,1.3,0.0,1.3,4.2,4.0,0.6,4.4,-0.3
South East,E07000227,Horsham,-,2.0,2.1,5.9,2.5,2.6,0.3,2.6,3.3,3.0,1.7,1.6,0.2,-0.0,2.1,4.0,3.0,1.3,5.0,-0.8
South East,E07000228,Mid Sussex,-,2.4,0.2,6.9,3.5,1.4,1.4,2.7,3.1,2.4,2.8,1.0,0.2,-0.3,1.7,3.9,3.7,0.8,4.9,-0.3
South East,E07000229,Worthing,-,5.6,1.4,8.0,5.4,3.3,2.1,2.8,5.2,4.9,3.9,1.7,1.8,1.4,2.2,4.3,4.0,1.8,7.5,0.2
South West,E06000022,Bath and North East Somerset,-,4.6,4.8,3.7,1.2,1.2,2.9,1.4,4.2,5.9,3.3,4.2,-0.1,1.4,2.3,3.5,3.8,2.4,7.2,1.6
South West,E06000028,Bournemouth,-,2.9,4.5,7.4,3.6,1.5,2.4,4.1,4.0,5.0,4.0,1.7,-2.1,1.9,1.4,2.5,3.5,1.2,6.0,-0.5
South West,E06000023,"Bristol, City of",-,2.6,3.4,6.5,4.5,1.4,1.5,2.9,1.1,4.6,4.3,2.9,-0.0,2.1,2.3,2.2,3.2,3.0,4.7,0.8
South West,E06000052,Cornwall,-,2.9,0.6,5.8,5.7,4.0,1.4,3.4,3.5,4.9,3.6,3.0,1.7,1.8,2.5,2.9,1.5,1.6,3.8,0.1
South West,E06000053,Isles of Scilly,-,1.9,-0.5,9.1,-2.5,1.2,5.4,-3.2,0.8,16.0,-5.2,-2.5,8.4,-2.7,6.5,3.4,-4.7,-3.1,8.2,-1.5
South West,E06000024,North Somerset,-,4.4,3.5,2.3,0.8,1.1,3.1,2.7,3.7,5.8,3.1,4.5,0.3,-0.2,1.9,3.2,3.3,2.4,7.0,0.2
South West,E06000026,Plymouth,-,4.0,2.0,6.2,2.5,1.8,2.9,3.0,1.5,3.8,3.9,3.5,2.7,3.6,1.4,1.6,2.3,1.9,3.1,-1.7
South West,E06000029,Poole,-,2.5,4.1,6.3,2.7,0.7,1.9,2.9,3.8,4.7,3.6,1.8,-2.6,0.8,1.4,2.4,3.8,1.6,6.1,-0.4
South West,E06000025,South Gloucestershire,-,4.5,3.6,2.6,1.3,1.4,2.9,1.9,3.6,5.7,3.3,4.0,0.4,0.5,2.1,4.0,3.6,2.5,7.1,1.1
South West,E06000030,Swindon,-,5.4,4.1,6.2,4.8,3.0,0.9,0.9,2.3,3.5,1.8,1.9,3.2,-1.7,1.3,3.2,2.1,2.9,4.3,1.9
South West,E06000027,Torbay,-,1.2,3.2,8.0,0.4,1.6,2.9,3.3,5.7,4.2,1.7,5.1,1.8,1.2,1.8,2.9,2.9,2.6,2.6,0.8
South West,E06000054,Wiltshire,-,1.8,3.1,7.8,3.8,2.0,2.5,2.7,3.6,4.4,3.2,2.4,0.4,0.9,2.5,2.8,4.3,2.7,4.2,-0.4
South West,E07000040,East Devon,-,2.0,1.9,3.0,3.6,3.3,0.9,3.0,4.4,5.3,3.5,5.5,1.8,-0.6,1.6,3.1,2.4,1.9,5.0,-0.3
South West,E07000041,Exeter,-,1.6,2.9,3.8,4.7,4.3,1.8,5.3,4.4,5.9,3.5,5.1,3.5,-1.0,1.3,4.2,3.7,2.0,5.7,1.0
South West,E07000042,Mid Devon,-,1.6,2.4,3.1,4.2,3.0,0.8,4.2,3.9,5.1,3.4,4.4,3.3,-1.3,1.4,3.1,3.5,1.0,5.2,0.5
South West,E07000043,North Devon,-,1.3,3.2,2.9,3.9,2.7,2.1,3.5,4.3,5.7,3.1,4.1,2.6,-0.6,1.0,3.9,2.8,1.4,5.4,0.4
South West,E07000044,South Hams,-,2.8,1.8,2.4,6.0,2.1,2.0,3.1,5.0,4.6,3.3,5.6,0.9,-1.0,0.4,3.3,2.5,1.3,5.4,0.2
South West,E07000045,Teignbridge,-,2.4,1.4,2.9,3.5,4.0,1.5,3.3,4.8,5.5,2.9,4.4,3.1,-0.8,1.0,3.6,3.2,1.7,4.9,0.2
South West,E07000046,Torridge,-,2.6,2.8,2.7,4.3,3.3,1.5,4.0,3.8,4.9,3.1,4.4,3.6,-1.0,0.4,3.6,2.6,1.5,5.0,0.1
South West,E07000047,West Devon,-,1.8,2.5,1.9,4.8,4.2,0.0,3.6,4.5,5.9,2.9,3.6,1.8,-0.9,0.7,3.9,2.7,0.9,4.8,0.3
South West,E07000048,Christchurch,-,4.1,1.9,5.5,3.3,-0.6,4.3,2.5,2.9,5.7,2.4,4.0,-0.9,2.4,3.7,3.0,2.6,4.0,4.6,-0.1
South West,E07000049,East Dorset,-,5.2,1.4,4.7,1.9,1.1,3.8,0.7,3.0,6.2,2.7,2.1,-0.0,2.1,2.8,3.6,2.8,3.5,3.5,-0.3
South West,E07000050,North Dorset,-,3.2,2.9,5.1,3.3,2.8,3.3,2.8,2.9,6.9,3.0,3.1,0.4,2.4,2.1,3.1,3.8,2.6,3.0,-0.2
South West,E07000051,Purbeck,-,5.6,0.5,6.5,2.6,2.2,2.3,3.3,4.2,6.5,2.1,3.9,-0.7,2.5,3.3,2.5,3.7,2.3,3.8,-0.2
South West,E07000052,West Dorset,-,5.4,3.0,4.8,3.1,1.3,4.4,2.4,4.0,6.1,2.5,3.4,-0.7,2.4,4.0,2.7,2.9,2.4,3.1,-0.6
South West,E07000053,Weymouth and Portland,-,4.5,1.8,5.7,3.4,4.2,3.9,2.6,4.0,7.4,3.4,2.9,0.2,2.1,2.9,3.3,2.9,2.2,3.1,-1.1
South West,E07000078,Cheltenham,-,3.0,3.7,6.4,4.7,0.7,-0.2,4.7,6.8,5.2,2.1,3.8,0.9,1.9,1.3,3.8,3.9,3.6,4.1,-1.0
South West,E07000079,Cotswold,-,3.7,4.8,5.1,1.8,-0.4,1.0,3.4,6.0,4.0,2.5,3.5,0.9,1.1,-0.1,4.2,4.1,4.2,4.4,-0.4
South West,E07000080,Forest of Dean,-,1.6,2.8,5.3,3.9,0.3,1.4,4.2,6.8,4.8,2.2,3.7,0.1,1.1,1.2,2.9,3.9,3.4,4.5,-1.1
South West,E07000081,Gloucester,-,2.6,2.8,6.2,4.1,0.9,1.5,5.1,6.6,5.9,3.0,3.3,1.5,0.6,1.3,3.6,4.3,4.1,4.2,-0.8
South West,E07000082,Stroud,-,2.9,3.0,6.0,4.4,0.6,0.5,4.5,6.2,4.3,3.0,3.3,0.6,0.6,1.3,3.5,4.0,4.3,4.4,-1.0
South West,E07000083,Tewkesbury,-,1.9,2.7,6.0,3.4,0.6,-0.2,4.2,5.7,4.8,3.2,3.0,1.0,0.8,1.4,3.6,4.0,4.0,4.5,-0.9
South West,E07000187,Mendip,-,4.4,2.1,3.7,4.9,1.3,3.1,4.2,3.5,5.4,3.2,3.5,0.0,2.3,2.1,2.3,2.1,3.4,3.9,0.2
South West,E07000188,Sedgemoor,-,3.7,2.4,3.6,4.0,0.7,3.1,5.2,3.4,5.7,3.2,3.9,0.4,2.2,2.1,2.4,1.8,2.8,3.5,-0.1
South West,E07000189,South Somerset,-,3.9,2.7,4.0,4.3,0.6,3.8,4.0,3.0,6.2,3.0,3.8,0.0,2.0,2.2,1.9,1.7,3.2,3.6,-0.5
South West,E07000190,Taunton Deane,-,3.8,2.2,3.9,4.9,1.4,3.2,4.2,3.8,5.1,3.2,3.3,1.0,2.7,1.8,2.4,2.0,2.9,3.6,-0.6
South West,E07000191,West Somerset,-,5.6,1.7,2.2,5.7,0.3,5.0,2.5,3.6,4.7,3.4,4.6,-0.5,2.0,1.2,1.9,2.2,2.5,3.0,-1.4
Wales,W06000001,Isle of Anglesey,-,4.3,1.4,5.4,1.7,2.5,4.8,5.7,1.3,0.7,4.1,6.2,2.0,1.2,2.5,3.6,2.3,0.9,3.5,0.4
Wales,W06000002,Gwynedd,-,1.3,4.7,4.6,5.7,4.6,2.2,5.8,3.4,5.1,1.2,1.0,1.5,0.2,1.3,3.0,1.6,2.4,3.9,0.4
Wales,W06000003,Conwy,-,1.4,1.9,5.1,3.4,3.8,3.3,3.1,4.8,0.8,1.6,4.3,-0.8,1.2,3.2,3.8,1.0,1.6,2.1,-0.2
Wales,W06000004,Denbighshire,-,0.7,1.3,5.6,3.8,4.1,2.6,4.2,4.5,1.5,1.9,5.3,-0.6,0.9,3.5,3.5,0.4,1.3,2.7,0.2
Wales,W06000005,Flintshire,-,1.6,3.2,9.6,2.1,2.0,3.7,3.9,1.6,2.4,2.0,3.3,-0.2,1.7,3.8,3.3,2.6,2.7,4.7,1.7
Wales,W06000006,Wrexham,-,1.3,4.0,10.9,2.4,3.2,3.9,4.3,1.8,2.3,2.3,3.7,-0.6,2.0,3.5,3.3,2.0,2.7,4.5,1.7
Wales,W06000023,Powys,-,-0.4,6.0,9.1,3.2,2.6,4.5,7.3,3.7,3.6,1.6,4.6,-0.2,3.2,1.4,3.6,1.0,0.7,2.4,-0.9
Wales,W06000008,Ceredigion,-,2.1,1.5,2.6,4.8,4.4,5.7,2.6,4.1,7.4,1.1,4.5,0.4,2.1,2.8,3.0,1.3,1.3,2.8,0.6
Wales,W06000009,Pembrokeshire,-,1.2,2.4,2.0,4.0,6.7,3.3,4.0,4.6,5.7,1.6,4.4,0.8,0.9,2.2,4.9,0.7,1.8,2.9,0.6
Wales,W06000010,Carmarthenshire,-,2.4,1.7,1.2,4.7,3.9,4.8,3.5,7.1,5.2,1.4,5.2,1.0,1.2,3.1,4.2,1.0,1.8,3.3,0.8
Wales,W06000011,Swansea,-,2.4,3.9,4.6,6.6,3.0,2.0,2.8,-0.1,3.2,1.5,8.2,0.9,-2.7,0.3,4.0,0.3,4.5,1.7,-1.0
Wales,W06000012,Neath Port Talbot,-,2.4,1.4,8.9,3.2,-1.0,3.3,3.5,1.9,2.9,4.6,3.6,-0.2,0.4,0.5,4.1,2.6,1.4,2.7,0.9
Wales,W06000013,Bridgend,-,2.4,1.6,8.8,2.4,-0.4,3.5,2.9,1.3,2.6,2.9,3.1,0.2,0.5,0.2,4.5,2.5,1.5,2.7,1.4
Wales,W06000014,Vale of Glamorgan,-,3.3,3.3,5.0,2.3,3.0,3.7,2.6,0.5,4.8,1.6,4.7,0.4,0.5,1.5,1.9,0.5,1.9,3.7,0.4
Wales,W06000015,Cardiff,-,3.8,4.8,6.9,3.6,4.1,3.8,2.5,1.0,4.4,2.0,3.7,0.6,1.2,1.5,2.3,0.5,1.8,3.6,0.9
Wales,W06000016,Rhondda Cynon Taf,-,0.2,4.0,9.0,7.1,4.7,2.3,4.8,2.9,2.3,3.5,2.8,0.1,1.5,1.3,3.9,1.7,1.2,3.6,2.3
Wales,W06000024,Merthyr Tydfil,-,-0.4,3.9,11.0,7.8,3.7,2.1,4.8,4.5,2.4,3.8,3.5,0.4,1.8,1.5,3.3,2.0,0.9,3.3,1.4
Wales,W06000018,Caerphilly,-,1.7,4.5,9.5,2.1,1.5,4.5,2.7,0.5,0.8,3.7,2.4,-0.9,1.0,2.3,4.7,1.9,0.6,4.0,0.8
Wales,W06000019,Blaenau Gwent,-,0.3,5.7,9.7,1.8,1.8,3.6,4.5,1.5,-0.2,4.3,3.1,-0.1,1.7,1.8,4.3,2.1,0.3,4.6,1.4
Wales,W06000020,Torfaen,-,2.0,4.9,8.8,2.8,1.9,5.2,2.4,0.1,0.5,3.9,2.7,-0.1,1.6,2.2,4.7,1.6,-0.0,4.4,0.9
Wales,W06000021,Monmouthshire,-,1.0,7.3,10.0,3.5,4.6,1.0,-0.4,2.8,3.3,4.9,3.3,-3.2,1.5,2.4,3.9,-1.0,4.1,3.4,-0.1
Wales,W06000022,Newport,-,0.6,6.2,10.2,3.8,4.5,2.1,2.4,3.2,3.8,5.9,3.4,-2.3,0.9,2.9,4.1,0.3,3.5,3.9,1.0
Scotland,S12000033,Aberdeen City,-,3.5,-1.5,7.7,5.6,3.7,1.7,7.1,6.8,5.5,6.5,4.9,3.0,1.4,4.8,4.4,5.5,1.8,1.3,-1.5
Scotland,S12000034,Aberdeenshire,-,3.3,-1.6,7.7,5.0,3.8,1.5,6.2,7.0,4.6,5.9,5.0,1.9,1.3,4.3,4.0,5.1,1.1,1.5,-3.4
Scotland,S12000041,Angus,-,3.5,2.6,8.0,5.6,4.5,0.5,2.7,0.2,3.9,4.9,6.6,-0.6,-1.3,2.0,3.0,3.7,2.6,2.7,1.2
Scotland,S12000035,Argyll and Bute,-,3.5,2.8,10.6,5.2,6.1,2.2,3.7,5.6,6.6,4.6,6.3,3.5,1.1,0.3,3.2,1.3,0.5,4.2,2.6
Scotland,S12000036,City of Edinburgh,-,4.9,4.1,6.6,4.9,4.2,2.4,3.1,3.1,5.3,2.0,2.2,0.8,-0.2,3.3,4.4,1.0,0.7,4.4,2.1
Scotland,S12000005,Clackmannanshire,-,5.3,2.5,6.6,4.1,5.3,2.8,5.9,1.9,1.4,8.4,3.5,3.0,0.4,0.9,3.9,3.8,1.9,3.8,1.2
Scotland,S12000006,Dumfries and Galloway,-,3.4,1.2,5.3,2.8,4.5,3.5,5.3,1.1,5.5,5.8,5.6,3.5,0.6,1.4,3.7,2.3,1.6,4.1,3.4
Scotland,S12000042,Dundee City,-,3.5,2.7,8.2,6.2,4.9,1.2,3.6,0.4,3.6,6.9,6.4,0.7,-1.4,2.4,2.8,5.0,1.6,3.4,1.8
Scotland,S12000008,East Ayrshire,-,2.3,1.2,9.0,7.2,5.8,3.0,5.4,3.1,3.6,6.2,1.7,1.9,3.3,1.1,2.4,4.5,1.2,3.3,3.6
Scotland,S12000045,East Dunbartonshire,-,4.4,10.0,8.3,2.6,3.8,1.6,2.7,4.4,4.2,3.1,5.0,1.5,1.3,2.2,4.0,1.0,0.7,3.9,2.2
Scotland,S12000010,East Lothian,-,4.2,4.1,5.3,2.1,3.0,8.0,7.2,4.5,3.5,4.4,3.7,1.1,3.9,1.8,2.6,4.4,2.2,3.9,0.9
Scotland,S12000011,East Renfrewshire,-,3.4,3.0,7.4,4.8,1.4,1.4,2.9,1.9,3.6,2.7,5.2,0.7,-0.1,0.5,4.0,4.3,1.2,5.1,1.2
Scotland,S12000014,Falkirk,-,3.8,6.0,4.8,6.2,4.1,4.1,3.8,3.2,5.4,5.5,4.1,-1.0,-1.3,3.7,5.0,2.0,-0.0,3.9,1.3
Scotland,S12000015,Fife,-,5.7,2.6,6.8,3.8,5.0,2.9,4.0,2.0,0.5,7.5,5.0,2.1,1.1,1.4,3.5,3.8,1.2,4.6,1.9
Scotland,S12000046,Glasgow City,-,3.5,4.3,7.6,4.3,4.4,3.5,2.1,1.3,4.5,5.8,1.9,1.9,-1.0,0.6,3.2,1.2,2.2,1.9,0.8
Scotland,S12000017,Highland,-,3.3,1.7,5.7,5.3,4.7,1.5,3.3,3.1,8.7,3.6,10.5,2.1,1.5,0.6,5.1,3.1,0.3,3.8,2.7
Scotland,S12000018,Inverclyde,-,3.8,3.4,8.0,6.3,1.5,2.1,2.7,4.2,4.1,4.2,5.0,1.3,-0.1,0.5,3.6,2.8,1.2,6.0,1.7
Scotland,S12000019,Midlothian,-,4.1,4.2,5.3,2.2,2.8,8.3,7.1,4.2,3.5,3.7,4.2,1.7,2.7,2.3,2.1,5.4,1.8,3.3,1.2
Scotland,S12000020,Moray,-,3.0,2.3,4.6,4.7,3.2,0.9,2.5,1.7,9.9,8.1,17.4,1.0,1.3,-2.5,5.5,3.3,1.6,3.9,2.8
Scotland,S12000013,Na h-Eileanan Siar,-,4.3,-1.0,5.3,6.9,5.5,2.6,3.3,5.0,-2.8,9.9,4.5,3.8,2.7,1.5,1.3,1.5,3.0,8.5,-0.3
Scotland,S12000021,North Ayrshire,-,3.0,0.2,8.7,6.9,5.5,2.6,5.4,2.6,3.3,5.7,2.1,2.1,3.5,0.7,2.4,4.3,1.5,3.3,3.1
Scotland,S12000044,North Lanarkshire,-,4.0,2.8,7.4,4.6,3.7,2.4,2.9,3.6,1.6,6.4,4.4,1.0,0.5,1.5,3.1,2.8,3.9,3.5,2.1
Scotland,S12000023,Orkney Islands,-,8.8,6.0,-3.2,6.5,3.4,1.2,10.9,2.6,9.1,11.0,6.6,6.2,3.0,5.1,3.6,1.4,-0.8,0.5,2.8
Scotland,S12000024,Perth and Kinross,-,3.4,-0.6,6.3,5.9,-0.1,4.1,9.4,2.3,7.2,3.2,0.9,0.4,-0.1,5.3,2.3,2.4,0.4,3.0,0.4
Scotland,S12000038,Renfrewshire,-,3.4,3.3,7.9,5.9,1.3,2.0,2.1,4.2,4.5,4.3,4.4,1.9,-0.7,0.5,3.1,3.7,1.4,6.1,2.0
Scotland,S12000026,Scottish Borders ,-,5.4,1.0,7.6,3.6,4.0,7.5,5.8,3.8,4.4,3.8,4.1,1.7,1.8,1.9,0.2,4.2,4.2,2.3,1.2
Scotland,S12000027,Shetland Islands,-,-1.0,2.5,13.1,-0.7,0.6,4.0,7.8,3.7,7.0,3.1,9.7,10.1,0.1,-0.5,4.1,3.8,5.7,5.2,-0.1
Scotland,S12000028,South Ayrshire,-,3.2,3.3,5.7,6.3,4.2,5.7,5.3,2.2,5.6,2.2,4.7,2.1,2.4,2.5,4.0,2.4,0.9,2.2,2.4
Scotland,S12000029,South Lanarkshire,-,4.7,2.8,6.6,2.2,6.7,0.5,5.1,4.6,2.2,5.1,3.3,1.0,2.1,2.0,3.1,1.5,0.5,4.2,0.4
Scotland,S12000030,Stirling,-,3.3,-0.6,6.3,6.2,-0.1,4.6,9.3,2.1,6.2,3.5,1.5,0.1,-0.3,5.3,3.2,2.0,0.5,3.0,2.1
Scotland,S12000039,West Dunbartonshire,-,4.7,11.1,9.3,3.9,4.6,2.1,3.2,4.2,5.2,4.2,5.5,2.2,2.1,1.2,3.7,1.1,0.5,4.7,2.1
Scotland,S12000040,West Lothian,-,5.7,6.2,11.0,5.8,5.1,4.0,2.1,1.0,5.4,9.2,-0.1,-1.3,1.7,1.5,3.5,3.0,2.6,3.1,-1.4
Northern Ireland,N09000001,Antrim and Newtownabbey,-,1.4,2.8,8.5,2.3,5.3,3.6,4.7,3.4,4.0,3.9,2.7,0.7,-0.8,3.3,3.2,3.2,2.7,3.2,1.5
Northern Ireland,N09000011,Ards and North Down,-,1.5,2.5,6.8,3.1,5.6,3.3,3.9,4.3,4.6,3.1,3.0,1.1,-0.1,2.9,2.7,3.8,1.0,4.6,0.7
Northern Ireland,N09000002,"Armagh City, Banbridge and Craigavon",-,1.7,2.7,3.8,3.6,5.5,4.8,7.0,5.0,6.2,2.8,1.3,-0.2,0.6,2.6,0.5,4.5,4.8,2.2,0.4
Northern Ireland,N09000003,Belfast,-,2.4,2.0,5.9,2.8,3.8,0.7,2.4,1.7,4.2,0.8,4.9,2.5,-0.8,1.6,2.3,3.0,0.8,2.7,1.7
Northern Ireland,N09000004,Causeway Coast and Glens,-,0.7,3.7,6.6,7.2,8.6,5.7,6.3,8.7,4.9,0.2,-0.7,3.1,1.6,5.3,1.7,2.9,3.2,6.2,1.5
Northern Ireland,N09000005,Derry City and Strabane,-,0.9,3.8,5.3,5.7,8.7,7.0,7.4,8.4,4.6,0.7,0.5,1.7,1.2,3.7,2.5,2.7,2.5,1.5,0.8
Northern Ireland,N09000006,Fermanagh and Omagh,-,1.4,4.0,4.4,3.8,4.5,9.1,8.8,7.0,5.2,0.7,0.2,-0.0,-0.3,3.6,1.9,1.3,2.1,6.7,1.4
Northern Ireland,N09000007,Lisburn and Castlereagh,-,1.3,3.2,9.7,3.0,5.0,4.1,4.2,4.0,3.3,3.9,2.4,0.8,-0.5,1.9,4.1,4.1,2.1,5.9,1.5
Northern Ireland,N09000008,Mid and East Antrim,-,1.7,2.3,7.8,0.7,5.5,4.4,5.1,4.0,5.1,3.1,2.6,1.0,-0.5,2.7,3.2,3.3,3.9,5.3,1.8
Northern Ireland,N09000009,Mid Ulster,-,1.4,3.8,5.9,2.5,4.4,8.7,8.7,6.1,4.8,0.9,-0.4,-0.5,-0.1,4.1,1.2,3.2,4.7,5.1,-0.1
Northern Ireland,N09000010,"Newry, Mourne and Down",-,1.9,2.6,5.7,2.4,5.2,5.9,6.1,7.0,5.5,1.0,1.4,0.0,-0.6,4.0,1.3,2.9,2.3,1.9,-0.6
,,,,,,,,,,,,,,,,,,,,,,
1 Growths are calculated on unrounded data.,,,,,,,,,,,,,,,,,,,,,,